school,type,students,capacity,use,year,lng,lat
Ainslie School,P,397,475,0.835789474,2011,149.1397771,-35.27367417
Ainslie School,P,389,475,0.818947368,2012,149.1397771,-35.27367417
Ainslie School,P,370,475,0.778947368,2013,149.1397771,-35.27367417
Ainslie School,P,353,475,0.743157895,2014,149.1397771,-35.27367417
Ainslie School,P,366,475,0.770526316,2015,149.1397771,-35.27367417
Ainslie School,P,355,550,0.645454545,2016,149.1397771,-35.27367417
Ainslie School,P,334,550,0.607272727,2017,149.1397771,-35.27367417
Ainslie School,P,360,550,0.654545455,2018,149.1397771,-35.27367417
Ainslie School,P,357,550,0.649090909,2019,149.1397771,-35.27367417
Ainslie School,P,352,550,0.64,2020,149.1397771,-35.27367417
Alfred Deakin High School,H,740,969,0.763673891,2011,149.0946386,-35.32425828
Alfred Deakin High School,H,755,969,0.779153767,2012,149.0946386,-35.32425828
Alfred Deakin High School,H,775,969,0.799793602,2013,149.0946386,-35.32425828
Alfred Deakin High School,H,783,969,0.808049536,2014,149.0946386,-35.32425828
Alfred Deakin High School,H,787,969,0.812177503,2015,149.0946386,-35.32425828
Alfred Deakin High School,H,815,966,0.8436853,2016,149.0946386,-35.32425828
Alfred Deakin High School,H,887,966,0.918219462,2017,149.0946386,-35.32425828
Alfred Deakin High School,H,877,936,0.936965812,2018,149.0946386,-35.32425828
Alfred Deakin High School,H,862,936,0.920940171,2019,149.0946386,-35.32425828
Alfred Deakin High School,H,877,974,0.900410678,2020,149.0946386,-35.32425828
Amaroo School,PH,1252,1578,0.793409379,2011,149.128574,-35.16501926
Amaroo School,PH,1388,1578,0.879594423,2012,149.128574,-35.16501926
Amaroo School,PH,1476,1578,0.935361217,2013,149.128574,-35.16501926
Amaroo School,PH,1529,1722,0.887921022,2014,149.128574,-35.16501926
Amaroo School,PH,1575,1766,0.89184598,2015,149.128574,-35.16501926
Amaroo School,PH,1564,1809,0.864566059,2016,149.128574,-35.16501926
Amaroo School,PH,1675,1872,0.894764957,2017,149.128574,-35.16501926
Amaroo School,PH,1832,2062,0.888457808,2018,149.128574,-35.16501926
Amaroo School,PH,1859,2168,0.857472325,2019,149.128574,-35.16501926
Amaroo School,PH,1835,2119,0.865974516,2020,149.128574,-35.16501926
Aranda Primary School,P,416,550,0.756363636,2011,149.0803315,-35.25534054
Aranda Primary School,P,451,550,0.82,2012,149.0803315,-35.25534054
Aranda Primary School,P,453,550,0.823636364,2013,149.0803315,-35.25534054
Aranda Primary School,P,463,550,0.841818182,2014,149.0803315,-35.25534054
Aranda Primary School,P,486,550,0.883636364,2015,149.0803315,-35.25534054
Aranda Primary School,P,522,625,0.8352,2016,149.0803315,-35.25534054
Aranda Primary School,P,555,625,0.888,2017,149.0803315,-35.25534054
Aranda Primary School,P,558,625,0.8928,2018,149.0803315,-35.25534054
Aranda Primary School,P,543,625,0.8688,2019,149.0803315,-35.25534054
Aranda Primary School,P,567,625,0.9072,2020,149.0803315,-35.25534054
Arawang Primary School,P,335,450,0.744444444,2011,149.059176,-35.35472761
Arawang Primary School,P,298,450,0.662222222,2012,149.059176,-35.35472761
Arawang Primary School,P,345,450,0.766666667,2013,149.059176,-35.35472761
Arawang Primary School,P,368,450,0.817777778,2014,149.059176,-35.35472761
Arawang Primary School,P,393,450,0.873333333,2015,149.059176,-35.35472761
Arawang Primary School,P,438,525,0.834285714,2016,149.059176,-35.35472761
Arawang Primary School,P,432,525,0.822857143,2017,149.059176,-35.35472761
Arawang Primary School,P,453,550,0.823636364,2018,149.059176,-35.35472761
Arawang Primary School,P,468,550,0.850909091,2019,149.059176,-35.35472761
Arawang Primary School,P,490,550,0.890909091,2020,149.059176,-35.35472761
Belconnen High School,H,461,1007,0.457795432,2011,149.0389182,-35.24712742
Belconnen High School,H,402,1007,0.399205561,2012,149.0389182,-35.24712742
Belconnen High School,H,384,1007,0.381330685,2013,149.0389182,-35.24712742
Belconnen High School,H,373,988,0.377530364,2014,149.0389182,-35.24712742
Belconnen High School,H,353,741,0.476383266,2015,149.0389182,-35.24712742
Belconnen High School,H,382,650,0.587692308,2016,149.0389182,-35.24712742
Belconnen High School,H,408,650,0.627692308,2017,149.0389182,-35.24712742
Belconnen High School,H,435,650,0.669230769,2018,149.0389182,-35.24712742
Belconnen High School,H,462,600,0.77,2019,149.0389182,-35.24712742
Belconnen High School,H,521,600,0.868333333,2020,149.0389182,-35.24712742
Bonython Primary School,P,340,525,0.647619048,2011,149.0825667,-35.43073888
Bonython Primary School,P,315,525,0.6,2012,149.0825667,-35.43073888
Bonython Primary School,P,289,525,0.55047619,2013,149.0825667,-35.43073888
Bonython Primary School,P,267,525,0.508571429,2014,149.0825667,-35.43073888
Bonython Primary School,P,260,425,0.611764706,2015,149.0825667,-35.43073888
Bonython Primary School,P,275,481,0.571725572,2016,149.0825667,-35.43073888
Bonython Primary School,P,279,506,0.551383399,2017,149.0825667,-35.43073888
Bonython Primary School,P,315,512,0.615234375,2018,149.0825667,-35.43073888
Bonython Primary School,P,349,487,0.716632444,2019,149.0825667,-35.43073888
Bonython Primary School,P,363,487,0.745379877,2020,149.0825667,-35.43073888
Calwell High School,H,444,722,0.614958449,2011,149.1176173,-35.44082099
Calwell High School,H,413,722,0.572022161,2012,149.1176173,-35.44082099
Calwell High School,H,397,722,0.549861496,2013,149.1176173,-35.44082099
Calwell High School,H,359,703,0.510668563,2014,149.1176173,-35.44082099
Calwell High School,H,344,698,0.492836676,2015,149.1176173,-35.44082099
Calwell High School,H,323,719,0.449235049,2016,149.1176173,-35.44082099
Calwell High School,H,352,719,0.489568846,2017,149.1176173,-35.44082099
Calwell High School,H,366,738,0.495934959,2018,149.1176173,-35.44082099
Calwell High School,H,387,738,0.524390244,2019,149.1176173,-35.44082099
Calwell High School,H,400,738,0.54200542,2020,149.1176173,-35.44082099
Calwell Primary School,P,284,475,0.597894737,2011,149.1085562,-35.43862295
Calwell Primary School,P,278,475,0.585263158,2012,149.1085562,-35.43862295
Calwell Primary School,P,256,475,0.538947368,2013,149.1085562,-35.43862295
Calwell Primary School,P,264,475,0.555789474,2014,149.1085562,-35.43862295
Calwell Primary School,P,255,475,0.536842105,2015,149.1085562,-35.43862295
Calwell Primary School,P,237,525,0.451428571,2016,149.1085562,-35.43862295
Calwell Primary School,P,220,525,0.419047619,2017,149.1085562,-35.43862295
Calwell Primary School,P,245,525,0.466666667,2018,149.1085562,-35.43862295
Calwell Primary School,P,250,525,0.476190476,2019,149.1085562,-35.43862295
Calwell Primary School,P,252,525,0.48,2020,149.1085562,-35.43862295
Campbell High School,H,668,874,0.764302059,2011,149.1477744,-35.27807645
Campbell High School,H,692,874,0.791762014,2012,149.1477744,-35.27807645
Campbell High School,H,718,874,0.821510297,2013,149.1477744,-35.27807645
Campbell High School,H,741,855,0.866666667,2014,149.1477744,-35.27807645
Campbell High School,H,723,855,0.845614035,2015,149.1477744,-35.27807645
Campbell High School,H,721,882,0.817460317,2016,149.1477744,-35.27807645
Campbell High School,H,728,868,0.838709677,2017,149.1477744,-35.27807645
Campbell High School,H,719,856,0.839953271,2018,149.1477744,-35.27807645
Campbell High School,H,743,834,0.89088729,2019,149.1477744,-35.27807645
Campbell High School,H,704,830,0.848192771,2020,149.1477744,-35.27807645
Campbell Primary School,P,249,400,0.6225,2011,149.155998,-35.29011671
Campbell Primary School,P,268,400,0.67,2012,149.155998,-35.29011671
Campbell Primary School,P,252,400,0.63,2013,149.155998,-35.29011671
Campbell Primary School,P,246,400,0.615,2014,149.155998,-35.29011671
Campbell Primary School,P,272,400,0.68,2015,149.155998,-35.29011671
Campbell Primary School,P,282,450,0.626666667,2016,149.155998,-35.29011671
Campbell Primary School,P,320,450,0.711111111,2017,149.155998,-35.29011671
Campbell Primary School,P,335,450,0.744444444,2018,149.155998,-35.29011671
Campbell Primary School,P,366,450,0.813333333,2019,149.155998,-35.29011671
Campbell Primary School,P,327,450,0.726666667,2020,149.155998,-35.29011671
Canberra College,C,910,971,0.937178167,2016,149.0892303,-35.34041567
Canberra College,C,1013,1025,0.988292683,2017,149.0892303,-35.34041567
Canberra College,C,1023,1025,0.99804878,2018,149.0892303,-35.34041567
Canberra College,C,976,1013,0.963474827,2019,149.0892303,-35.34041567
Canberra College,C,998,1013,0.985192498,2020,149.0892303,-35.34041567
Canberra College,C,966,969,0.996904025,2011,149.0892303,-35.34041567
Canberra College,C,969,969,1,2012,149.0892303,-35.34041567
Canberra College,C,970,969,1.001031992,2013,149.0892303,-35.34041567
Canberra College,C,1035,931,1.111707841,2014,149.0892303,-35.34041567
Canberra College,C,903,931,0.969924812,2015,149.0892303,-35.34041567
Canberra High School,H,574,988,0.58097166,2011,149.0744419,-35.25155668
Canberra High School,H,643,988,0.650809717,2012,149.0744419,-35.25155668
Canberra High School,H,753,988,0.762145749,2013,149.0744419,-35.25155668
Canberra High School,H,780,988,0.789473684,2014,149.0744419,-35.25155668
Canberra High School,H,813,988,0.822874494,2015,149.0744419,-35.25155668
Canberra High School,H,813,994,0.817907445,2016,149.0744419,-35.25155668
Canberra High School,H,837,994,0.842052314,2017,149.0744419,-35.25155668
Canberra High School,H,838,977,0.857727738,2018,149.0744419,-35.25155668
Canberra High School,H,871,977,0.891504606,2019,149.0744419,-35.25155668
Canberra High School,H,869,985,0.882233503,2020,149.0744419,-35.25155668
Caroline Chisholm School,PH,481,1281,0.3754879,2011,149.1215487,-35.41780685
Caroline Chisholm School,PH,476,1281,0.371584699,2012,149.1215487,-35.41780685
Caroline Chisholm School,PH,498,1281,0.388758782,2013,149.1215487,-35.41780685
Caroline Chisholm School,PH,523,1348,0.387982196,2014,149.1215487,-35.41780685
Caroline Chisholm School,PH,574,1304,0.440184049,2015,149.1215487,-35.41780685
Caroline Chisholm School,PH,611,1302,0.469278034,2016,149.1215487,-35.41780685
Caroline Chisholm School,PH,634,1302,0.486943164,2017,149.1215487,-35.41780685
Caroline Chisholm School,PH,663,1291,0.513555383,2018,149.1215487,-35.41780685
Caroline Chisholm School,PH,673,1291,0.521301317,2019,149.1215487,-35.41780685
Caroline Chisholm School,PH,674,1293,0.521268368,2020,149.1215487,-35.41780685
Chapman Primary School,P,466,575,0.810434783,2011,149.0427706,-35.35652889
Chapman Primary School,P,489,575,0.850434783,2012,149.0427706,-35.35652889
Chapman Primary School,P,501,575,0.871304348,2013,149.0427706,-35.35652889
Chapman Primary School,P,506,575,0.88,2014,149.0427706,-35.35652889
Chapman Primary School,P,511,600,0.851666667,2015,149.0427706,-35.35652889
Chapman Primary School,P,547,675,0.81037037,2016,149.0427706,-35.35652889
Chapman Primary School,P,558,675,0.826666667,2017,149.0427706,-35.35652889
Chapman Primary School,P,567,675,0.84,2018,149.0427706,-35.35652889
Chapman Primary School,P,560,675,0.82962963,2019,149.0427706,-35.35652889
Chapman Primary School,P,540,675,0.8,2020,149.0427706,-35.35652889
Charles Conder Primary School,P,308,525,0.586666667,2011,149.0983353,-35.46468387
Charles Conder Primary School,P,305,525,0.580952381,2012,149.0983353,-35.46468387
Charles Conder Primary School,P,265,525,0.504761905,2013,149.0983353,-35.46468387
Charles Conder Primary School,P,247,425,0.581176471,2014,149.0983353,-35.46468387
Charles Conder Primary School,P,270,425,0.635294118,2015,149.0983353,-35.46468387
Charles Conder Primary School,P,265,514,0.515564202,2016,149.0983353,-35.46468387
Charles Conder Primary School,P,286,514,0.556420233,2017,149.0983353,-35.46468387
Charles Conder Primary School,P,328,514,0.638132296,2018,149.0983353,-35.46468387
Charles Conder Primary School,P,357,514,0.694552529,2019,149.0983353,-35.46468387
Charles Conder Primary School,P,412,497,0.828973843,2020,149.0983353,-35.46468387
Charles Weston School,P,110,900,0.122222222,2016,149.0411869,-35.31972772
Charles Weston School,P,197,900,0.218888889,2017,149.0411869,-35.31972772
Charles Weston School,P,288,900,0.32,2018,149.0411869,-35.31972772
Charles Weston School,P,394,900,0.437777778,2019,149.0411869,-35.31972772
Charles Weston School,P,485,800,0.60625,2020,149.0411869,-35.31972772
Charnwood-Dunlop School,P,251,400,0.6275,2011,149.0362377,-35.19868906
Charnwood-Dunlop School,P,285,400,0.7125,2012,149.0362377,-35.19868906
Charnwood-Dunlop School,P,314,400,0.785,2013,149.0362377,-35.19868906
Charnwood-Dunlop School,P,295,400,0.7375,2014,149.0362377,-35.19868906
Charnwood-Dunlop School,P,282,475,0.593684211,2015,149.0362377,-35.19868906
Charnwood-Dunlop School,P,246,561,0.438502674,2016,149.0362377,-35.19868906
Charnwood-Dunlop School,P,278,561,0.495543672,2017,149.0362377,-35.19868906
Charnwood-Dunlop School,P,303,562,0.539145907,2018,149.0362377,-35.19868906
Charnwood-Dunlop School,P,318,562,0.565836299,2019,149.0362377,-35.19868906
Charnwood-Dunlop School,P,339,528,0.642045455,2020,149.0362377,-35.19868906
Curtin Primary School,P,351,500,0.702,2011,149.0797769,-35.3313167
Curtin Primary School,P,404,500,0.808,2012,149.0797769,-35.3313167
Curtin Primary School,P,424,500,0.848,2013,149.0797769,-35.3313167
Curtin Primary School,P,425,500,0.85,2014,149.0797769,-35.3313167
Curtin Primary School,P,448,500,0.896,2015,149.0797769,-35.3313167
Curtin Primary School,P,465,583,0.797598628,2016,149.0797769,-35.3313167
Curtin Primary School,P,500,583,0.857632933,2017,149.0797769,-35.3313167
Curtin Primary School,P,512,583,0.878216123,2018,149.0797769,-35.3313167
Curtin Primary School,P,492,583,0.843910806,2019,149.0797769,-35.3313167
Curtin Primary School,P,470,590,0.796610169,2020,149.0797769,-35.3313167
Dickson College,C,762,1045,0.729186603,2011,149.1536577,-35.24928604
Dickson College,C,808,1045,0.773205742,2012,149.1536577,-35.24928604
Dickson College,C,848,1045,0.811483254,2013,149.1536577,-35.24928604
Dickson College,C,866,1045,0.828708134,2014,149.1536577,-35.24928604
Dickson College,C,919,912,1.007675439,2015,149.1536577,-35.24928604
Dickson College,C,871,1132,0.769434629,2016,149.1536577,-35.24928604
Dickson College,C,915,1114,0.821364452,2017,149.1536577,-35.24928604
Dickson College,C,892,1111,0.802880288,2018,149.1536577,-35.24928604
Dickson College,C,746,1133,0.65842895,2019,149.1536577,-35.24928604
Dickson College,C,751,1125,0.667555556,2020,149.1536577,-35.24928604
Duffy Primary School,P,233,325,0.716923077,2011,149.0324782,-35.33516221
Duffy Primary School,P,294,325,0.904615385,2012,149.0324782,-35.33516221
Duffy Primary School,P,304,325,0.935384615,2013,149.0324782,-35.33516221
Duffy Primary School,P,336,475,0.707368421,2014,149.0324782,-35.33516221
Duffy Primary School,P,316,450,0.702222222,2015,149.0324782,-35.33516221
Duffy Primary School,P,318,537,0.592178771,2016,149.0324782,-35.33516221
Duffy Primary School,P,345,537,0.642458101,2017,149.0324782,-35.33516221
Duffy Primary School,P,384,537,0.715083799,2018,149.0324782,-35.33516221
Duffy Primary School,P,391,537,0.728119181,2019,149.0324782,-35.33516221
Duffy Primary School,P,390,537,0.726256983,2020,149.0324782,-35.33516221
Erindale College,C,624,1007,0.619662363,2011,149.0965582,-35.40305551
Erindale College,C,608,1007,0.603773585,2012,149.0965582,-35.40305551
Erindale College,C,558,1007,0.554121152,2013,149.0965582,-35.40305551
Erindale College,C,559,1007,0.555114201,2014,149.0965582,-35.40305551
Erindale College,C,568,988,0.574898785,2015,149.0965582,-35.40305551
Erindale College,C,557,1026,0.54288499,2016,149.0965582,-35.40305551
Erindale College,C,532,1026,0.518518519,2017,149.0965582,-35.40305551
Erindale College,C,493,1015,0.485714286,2018,149.0965582,-35.40305551
Erindale College,C,471,1015,0.464039409,2019,149.0965582,-35.40305551
Erindale College,C,662,1004,0.65936255,2020,149.0965582,-35.40305551
Evatt Primary School,P,287,425,0.675294118,2011,149.0757033,-35.20699206
Evatt Primary School,P,294,425,0.691764706,2012,149.0757033,-35.20699206
Evatt Primary School,P,282,425,0.663529412,2013,149.0757033,-35.20699206
Evatt Primary School,P,256,425,0.602352941,2014,149.0757033,-35.20699206
Evatt Primary School,P,262,425,0.616470588,2015,149.0757033,-35.20699206
Evatt Primary School,P,285,528,0.539772727,2016,149.0757033,-35.20699206
Evatt Primary School,P,269,528,0.509469697,2017,149.0757033,-35.20699206
Evatt Primary School,P,274,553,0.495479204,2018,149.0757033,-35.20699206
Evatt Primary School,P,269,553,0.486437613,2019,149.0757033,-35.20699206
Evatt Primary School,P,289,553,0.522603978,2020,149.0757033,-35.20699206
Fadden Primary School,P,275,400,0.6875,2011,149.1181814,-35.40378501
Fadden Primary School,P,289,400,0.7225,2012,149.1181814,-35.40378501
Fadden Primary School,P,300,400,0.75,2013,149.1181814,-35.40378501
Fadden Primary School,P,304,400,0.76,2014,149.1181814,-35.40378501
Fadden Primary School,P,328,400,0.82,2015,149.1181814,-35.40378501
Fadden Primary School,P,325,456,0.712719298,2016,149.1181814,-35.40378501
Fadden Primary School,P,307,456,0.673245614,2017,149.1181814,-35.40378501
Fadden Primary School,P,307,431,0.712296984,2018,149.1181814,-35.40378501
Fadden Primary School,P,286,431,0.663573086,2019,149.1181814,-35.40378501
Fadden Primary School,P,294,431,0.682134571,2020,149.1181814,-35.40378501
Farrer Primary School,P,287,425,0.675294118,2011,149.1073066,-35.37860258
Farrer Primary School,P,278,425,0.654117647,2012,149.1073066,-35.37860258
Farrer Primary School,P,297,425,0.698823529,2013,149.1073066,-35.37860258
Farrer Primary School,P,290,450,0.644444444,2014,149.1073066,-35.37860258
Farrer Primary School,P,305,425,0.717647059,2015,149.1073066,-35.37860258
Farrer Primary School,P,305,456,0.668859649,2016,149.1073066,-35.37860258
Farrer Primary School,P,320,456,0.701754386,2017,149.1073066,-35.37860258
Farrer Primary School,P,331,431,0.767981439,2018,149.1073066,-35.37860258
Farrer Primary School,P,345,431,0.800464037,2019,149.1073066,-35.37860258
Farrer Primary School,P,349,456,0.765350877,2020,149.1073066,-35.37860258
Florey Primary School,P,340,500,0.68,2011,149.052886,-35.22634244
Florey Primary School,P,359,500,0.718,2012,149.052886,-35.22634244
Florey Primary School,P,372,500,0.744,2013,149.052886,-35.22634244
Florey Primary School,P,406,500,0.812,2014,149.052886,-35.22634244
Florey Primary School,P,431,500,0.862,2015,149.052886,-35.22634244
Florey Primary School,P,442,600,0.736666667,2016,149.052886,-35.22634244
Florey Primary School,P,431,600,0.718333333,2017,149.052886,-35.22634244
Florey Primary School,P,427,600,0.711666667,2018,149.052886,-35.22634244
Florey Primary School,P,425,583,0.728987993,2019,149.052886,-35.22634244
Florey Primary School,P,409,583,0.701543739,2020,149.052886,-35.22634244
Forrest Primary School,P,452,550,0.821818182,2011,149.125721,-35.31452066
Forrest Primary School,P,453,550,0.823636364,2012,149.125721,-35.31452066
Forrest Primary School,P,438,550,0.796363636,2013,149.125721,-35.31452066
Forrest Primary School,P,456,550,0.829090909,2014,149.125721,-35.31452066
Forrest Primary School,P,472,550,0.858181818,2015,149.125721,-35.31452066
Forrest Primary School,P,482,625,0.7712,2016,149.125721,-35.31452066
Forrest Primary School,P,476,625,0.7616,2017,149.125721,-35.31452066
Forrest Primary School,P,507,600,0.845,2018,149.125721,-35.31452066
Forrest Primary School,P,537,583,0.92109777,2019,149.125721,-35.31452066
Forrest Primary School,P,563,633,0.889415482,2020,149.125721,-35.31452066
Franklin Early Childhood School,E,20,189,0.105820106,2013,149.1453662,-35.19626591
Franklin Early Childhood School,E,81,189,0.428571429,2014,149.1453662,-35.19626591
Franklin Early Childhood School,P,113,189,0.597883598,2015,149.1453662,-35.19626591
Franklin Early Childhood School,E,147,210,0.7,2016,149.1453662,-35.19626591
Franklin Early Childhood School,E,184,210,0.876190476,2017,149.1453662,-35.19626591
Franklin Early Childhood School,E,181,210,0.861904762,2018,149.1453662,-35.19626591
Franklin Early Childhood School,E,252,360,0.7,2019,149.1453662,-35.19626591
Franklin Early Childhood School,E,310,336,0.922619048,2020,149.1453662,-35.19626591
Fraser Primary School,P,357,475,0.751578947,2011,149.0431388,-35.19198513
Fraser Primary School,P,353,475,0.743157895,2012,149.0431388,-35.19198513
Fraser Primary School,P,371,475,0.781052632,2013,149.0431388,-35.19198513
Fraser Primary School,P,371,475,0.781052632,2014,149.0431388,-35.19198513
Fraser Primary School,P,378,475,0.795789474,2015,149.0431388,-35.19198513
Fraser Primary School,P,401,500,0.802,2016,149.0431388,-35.19198513
Fraser Primary School,P,443,500,0.886,2017,149.0431388,-35.19198513
Fraser Primary School,P,467,500,0.934,2018,149.0431388,-35.19198513
Fraser Primary School,P,492,500,0.984,2019,149.0431388,-35.19198513
Fraser Primary School,P,520,550,0.945454545,2020,149.0431388,-35.19198513
Garran Primary School,P,469,475,0.987368421,2011,149.1030592,-35.3439086
Garran Primary School,P,509,475,1.071578947,2012,149.1030592,-35.3439086
Garran Primary School,P,526,475,1.107368421,2013,149.1030592,-35.3439086
Garran Primary School,P,534,475,1.124210526,2014,149.1030592,-35.3439086
Garran Primary School,P,553,475,1.164210526,2015,149.1030592,-35.3439086
Garran Primary School,P,551,558,0.987455197,2016,149.1030592,-35.3439086
Garran Primary School,P,581,583,0.996569468,2017,149.1030592,-35.3439086
Garran Primary School,P,583,633,0.921011058,2018,149.1030592,-35.3439086
Garran Primary School,P,595,633,0.939968404,2019,149.1030592,-35.3439086
Garran Primary School,P,612,633,0.966824645,2020,149.1030592,-35.3439086
Gilmore Primary School,P,199,275,0.723636364,2011,149.1351291,-35.41908293
Gilmore Primary School,P,185,275,0.672727273,2012,149.1351291,-35.41908293
Gilmore Primary School,P,138,275,0.501818182,2013,149.1351291,-35.41908293
Gilmore Primary School,P,123,275,0.447272727,2014,149.1351291,-35.41908293
Gilmore Primary School,P,110,275,0.4,2015,149.1351291,-35.41908293
Gilmore Primary School,P,93,314,0.296178344,2016,149.1351291,-35.41908293
Gilmore Primary School,P,99,314,0.315286624,2017,149.1351291,-35.41908293
Gilmore Primary School,P,94,314,0.299363057,2018,149.1351291,-35.41908293
Gilmore Primary School,P,110,314,0.350318471,2019,149.1351291,-35.41908293
Gilmore Primary School,P,116,314,0.369426752,2020,149.1351291,-35.41908293
Giralang Primary School,P,141,275,0.512727273,2011,149.0948852,-35.21371927
Giralang Primary School,P,133,275,0.483636364,2012,149.0948852,-35.21371927
Giralang Primary School,P,156,275,0.567272727,2013,149.0948852,-35.21371927
Giralang Primary School,P,169,275,0.614545455,2014,149.0948852,-35.21371927
Giralang Primary School,P,220,275,0.8,2015,149.0948852,-35.21371927
Giralang Primary School,P,269,350,0.768571429,2016,149.0948852,-35.21371927
Giralang Primary School,P,290,357,0.81232493,2017,149.0948852,-35.21371927
Giralang Primary School,P,289,364,0.793956044,2018,149.0948852,-35.21371927
Giralang Primary School,P,295,357,0.826330532,2019,149.0948852,-35.21371927
Giralang Primary School,P,291,357,0.81512605,2020,149.0948852,-35.21371927
Gold Creek School,PH,965,1477,0.653351388,2011,149.0938583,-35.17960549
Gold Creek School,PH,990,1477,0.67027759,2012,149.0938583,-35.17960549
Gold Creek School,PH,971,1477,0.657413676,2013,149.0938583,-35.17960549
Gold Creek School,PH,915,1533,0.596868885,2014,149.0938583,-35.17960549
Gold Creek School,PH,972,1495,0.650167224,2015,149.0938583,-35.17960549
Gold Creek School,PH,1089,1683,0.647058824,2016,149.0938583,-35.17960549
Gold Creek School,PH,1150,1588,0.72418136,2017,149.0938583,-35.17960549
Gold Creek School,PH,1170,1467,0.797546012,2018,149.0938583,-35.17960549
Gold Creek School,PH,1156,1548,0.746770026,2019,149.0938583,-35.17960549
Gold Creek School,PH,1143,1770,0.645762712,2020,149.0938583,-35.17960549
Gordon Primary School,P,357,575,0.620869565,2011,149.0866454,-35.45644802
Gordon Primary School,P,392,575,0.68173913,2012,149.0866454,-35.45644802
Gordon Primary School,P,371,575,0.645217391,2013,149.0866454,-35.45644802
Gordon Primary School,P,383,575,0.666086957,2014,149.0866454,-35.45644802
Gordon Primary School,P,407,575,0.707826087,2015,149.0866454,-35.45644802
Gordon Primary School,P,410,653,0.627871363,2016,149.0866454,-35.45644802
Gordon Primary School,P,411,653,0.629402757,2017,149.0866454,-35.45644802
Gordon Primary School,P,412,628,0.656050955,2018,149.0866454,-35.45644802
Gordon Primary School,P,426,628,0.678343949,2019,149.0866454,-35.45644802
Gordon Primary School,P,432,628,0.687898089,2020,149.0866454,-35.45644802
Gowrie Primary School,P,200,375,0.533333333,2011,149.1107844,-35.41324171
Gowrie Primary School,P,191,375,0.509333333,2012,149.1107844,-35.41324171
Gowrie Primary School,P,182,375,0.485333333,2013,149.1107844,-35.41324171
Gowrie Primary School,P,212,400,0.53,2014,149.1107844,-35.41324171
Gowrie Primary School,P,223,350,0.637142857,2015,149.1107844,-35.41324171
Gowrie Primary School,P,238,457,0.520787746,2016,149.1107844,-35.41324171
Gowrie Primary School,P,249,457,0.544857768,2017,149.1107844,-35.41324171
Gowrie Primary School,P,270,493,0.547667343,2018,149.1107844,-35.41324171
Gowrie Primary School,P,290,493,0.588235294,2019,149.1107844,-35.41324171
Gowrie Primary School,P,289,518,0.557915058,2020,149.1107844,-35.41324171
Gungahlin College,C,308,969,0.317853457,2011,149.1310118,-35.18540763
Gungahlin College,C,672,969,0.693498452,2012,149.1310118,-35.18540763
Gungahlin College,C,739,969,0.762641899,2013,149.1310118,-35.18540763
Gungahlin College,C,898,969,0.926728586,2014,149.1310118,-35.18540763
Gungahlin College,C,990,988,1.002024291,2015,149.1310118,-35.18540763
Gungahlin College,C,1052,1321,0.796366389,2016,149.1310118,-35.18540763
Gungahlin College,C,1166,1288,0.905279503,2017,149.1310118,-35.18540763
Gungahlin College,C,1170,1288,0.908385093,2018,149.1310118,-35.18540763
Gungahlin College,C,1118,1288,0.868012422,2019,149.1310118,-35.18540763
Gungahlin College,C,29,1280,0.02265625,2020,149.1310118,-35.18540763
Harrison School,PH,729,1604,0.454488778,2011,149.1517567,-35.19921825
Harrison School,PH,929,1604,0.579177057,2012,149.1517567,-35.19921825
Harrison School,PH,1117,1604,0.69638404,2013,149.1517567,-35.19921825
Harrison School,PH,1236,1730,0.714450867,2014,149.1517567,-35.19921825
Harrison School,PH,1414,1805,0.783379501,2015,149.1517567,-35.19921825
Harrison School,PH,1541,1984,0.77671371,2016,149.1517567,-35.19921825
Harrison School,PH,1630,1986,0.820745217,2017,149.1517567,-35.19921825
Harrison School,PH,1675,2186,0.766239707,2018,149.1517567,-35.19921825
Harrison School,PH,1744,2186,0.797804209,2019,149.1517567,-35.19921825
Harrison School,PH,1747,2186,0.799176578,2020,149.1517567,-35.19921825
Hawker College,C,735,969,0.758513932,2011,149.0326523,-35.24587418
Hawker College,C,567,969,0.585139319,2012,149.0326523,-35.24587418
Hawker College,C,503,969,0.519091847,2013,149.0326523,-35.24587418
Hawker College,C,449,931,0.482277121,2014,149.0326523,-35.24587418
Hawker College,C,422,931,0.453276047,2015,149.0326523,-35.24587418
Hawker College,C,436,931,0.468313641,2016,149.0326523,-35.24587418
Hawker College,C,430,890,0.483146067,2017,149.0326523,-35.24587418
Hawker College,C,482,890,0.541573034,2018,149.0326523,-35.24587418
Hawker College,C,520,893,0.582306831,2019,149.0326523,-35.24587418
Hawker College,C,453,893,0.507278835,2020,149.0326523,-35.24587418
Hawker Primary School,P,289,300,0.963333333,2011,149.0347171,-35.2498977
Hawker Primary School,P,279,300,0.93,2012,149.0347171,-35.2498977
Hawker Primary School,P,287,300,0.956666667,2013,149.0347171,-35.2498977
Hawker Primary School,P,281,300,0.936666667,2014,149.0347171,-35.2498977
Hawker Primary School,P,313,300,1.043333333,2015,149.0347171,-35.2498977
Hawker Primary School,P,334,350,0.954285714,2016,149.0347171,-35.2498977
Hawker Primary School,P,343,350,0.98,2017,149.0347171,-35.2498977
Hawker Primary School,P,347,350,0.991428571,2018,149.0347171,-35.2498977
Hawker Primary School,P,344,350,0.982857143,2019,149.0347171,-35.2498977
Hawker Primary School,P,345,350,0.985714286,2020,149.0347171,-35.2498977
Hughes Primary School,P,281,375,0.749333333,2011,149.0928909,-35.33152296
Hughes Primary School,P,283,375,0.754666667,2012,149.0928909,-35.33152296
Hughes Primary School,P,301,375,0.802666667,2013,149.0928909,-35.33152296
Hughes Primary School,P,366,375,0.976,2014,149.0928909,-35.33152296
Hughes Primary School,P,392,450,0.871111111,2015,149.0928909,-35.33152296
Hughes Primary School,P,422,591,0.714043993,2016,149.0928909,-35.33152296
Hughes Primary School,P,421,603,0.698175788,2017,149.0928909,-35.33152296
Hughes Primary School,P,431,603,0.714759536,2018,149.0928909,-35.33152296
Hughes Primary School,P,417,603,0.691542289,2019,149.0928909,-35.33152296
Hughes Primary School,P,412,576,0.715277778,2020,149.0928909,-35.33152296
Isabella Plains Early Childhood School,P,79,168,0.470238095,2011,149.0891746,-35.42852314
Isabella Plains Early Childhood School,E,92,168,0.547619048,2012,149.0891746,-35.42852314
Isabella Plains Early Childhood School,E,97,168,0.577380952,2013,149.0891746,-35.42852314
Isabella Plains Early Childhood School,E,101,168,0.601190476,2014,149.0891746,-35.42852314
Isabella Plains Early Childhood School,P,99,168,0.589285714,2015,149.0891746,-35.42852314
Isabella Plains Early Childhood School,E,105,189,0.555555556,2016,149.0891746,-35.42852314
Isabella Plains Early Childhood School,E,115,189,0.608465608,2017,149.0891746,-35.42852314
Isabella Plains Early Childhood School,E,110,189,0.582010582,2018,149.0891746,-35.42852314
Isabella Plains Early Childhood School,E,109,189,0.576719577,2019,149.0891746,-35.42852314
Isabella Plains Early Childhood School,E,104,189,0.55026455,2020,149.0891746,-35.42852314
Kaleen Primary School,P,443,500,0.886,2011,149.1132716,-35.22437899
Kaleen Primary School,P,472,500,0.944,2012,149.1132716,-35.22437899
Kaleen Primary School,P,484,500,0.968,2013,149.1132716,-35.22437899
Kaleen Primary School,P,495,500,0.99,2014,149.1132716,-35.22437899
Kaleen Primary School,P,500,500,1,2015,149.1132716,-35.22437899
Kaleen Primary School,P,555,575,0.965217391,2016,149.1132716,-35.22437899
Kaleen Primary School,P,533,575,0.926956522,2017,149.1132716,-35.22437899
Kaleen Primary School,P,510,550,0.927272727,2018,149.1132716,-35.22437899
Kaleen Primary School,P,472,550,0.858181818,2019,149.1132716,-35.22437899
Kaleen Primary School,P,465,550,0.845454545,2020,149.1132716,-35.22437899
Kingsford Smith School,PH,813,1123,0.723953695,2011,149.0209379,-35.22785704
Kingsford Smith School,PH,880,1123,0.783615316,2012,149.0209379,-35.22785704
Kingsford Smith School,PH,852,1123,0.758682102,2013,149.0209379,-35.22785704
Kingsford Smith School,PH,810,1190,0.680672269,2014,149.0209379,-35.22785704
Kingsford Smith School,PH,803,1153,0.696444059,2015,149.0209379,-35.22785704
Kingsford Smith School,PH,800,1283,0.623538581,2016,149.0209379,-35.22785704
Kingsford Smith School,PH,806,1283,0.628215121,2017,149.0209379,-35.22785704
Kingsford Smith School,PH,810,1265,0.640316206,2018,149.0209379,-35.22785704
Kingsford Smith School,PH,871,1265,0.688537549,2019,149.0209379,-35.22785704
Kingsford Smith School,PH,878,1265,0.694071146,2020,149.0209379,-35.22785704
Lake Tuggeranong College,C,819,950,0.862105263,2011,149.0682551,-35.41376643
Lake Tuggeranong College,C,883,950,0.929473684,2012,149.0682551,-35.41376643
Lake Tuggeranong College,C,858,950,0.903157895,2013,149.0682551,-35.41376643
Lake Tuggeranong College,C,787,950,0.828421053,2014,149.0682551,-35.41376643
Lake Tuggeranong College,C,813,931,0.873254565,2015,149.0682551,-35.41376643
Lake Tuggeranong College,C,795,964,0.824688797,2016,149.0682551,-35.41376643
Lake Tuggeranong College,C,751,964,0.779045643,2017,149.0682551,-35.41376643
Lake Tuggeranong College,C,720,966,0.745341615,2018,149.0682551,-35.41376643
Lake Tuggeranong College,C,670,966,0.693581781,2019,149.0682551,-35.41376643
Lake Tuggeranong College,C,645,966,0.667701863,2020,149.0682551,-35.41376643
Lanyon High School,H,561,836,0.671052632,2011,149.0952498,-35.46047434
Lanyon High School,H,531,836,0.635167464,2012,149.0952498,-35.46047434
Lanyon High School,H,469,836,0.561004785,2013,149.0952498,-35.46047434
Lanyon High School,H,426,836,0.509569378,2014,149.0952498,-35.46047434
Lanyon High School,H,355,836,0.424641148,2015,149.0952498,-35.46047434
Lanyon High School,H,341,836,0.407894737,2016,149.0952498,-35.46047434
Lanyon High School,H,333,825,0.403636364,2017,149.0952498,-35.46047434
Lanyon High School,H,350,825,0.424242424,2018,149.0952498,-35.46047434
Lanyon High School,H,369,825,0.447272727,2019,149.0952498,-35.46047434
Lanyon High School,H,372,814,0.457002457,2020,149.0952498,-35.46047434
Latham Primary School,P,242,375,0.645333333,2011,149.034552,-35.21981598
Latham Primary School,P,253,375,0.674666667,2012,149.034552,-35.21981598
Latham Primary School,P,264,375,0.704,2013,149.034552,-35.21981598
Latham Primary School,P,268,375,0.714666667,2014,149.034552,-35.21981598
Latham Primary School,P,288,375,0.768,2015,149.034552,-35.21981598
Latham Primary School,P,277,462,0.5995671,2016,149.034552,-35.21981598
Latham Primary School,P,270,462,0.584415584,2017,149.034552,-35.21981598
Latham Primary School,P,269,462,0.582251082,2018,149.034552,-35.21981598
Latham Primary School,P,304,462,0.658008658,2019,149.034552,-35.21981598
Latham Primary School,P,330,462,0.714285714,2020,149.034552,-35.21981598
Lyneham High School,H,1035,1064,0.972744361,2011,149.1305463,-35.25247233
Lyneham High School,H,1049,1064,0.985902256,2012,149.1305463,-35.25247233
Lyneham High School,H,1068,1064,1.003759398,2013,149.1305463,-35.25247233
Lyneham High School,H,1054,1064,0.990601504,2014,149.1305463,-35.25247233
Lyneham High School,H,1050,1064,0.986842105,2015,149.1305463,-35.25247233
Lyneham High School,H,1065,1088,0.978860294,2016,149.1305463,-35.25247233
Lyneham High School,H,1084,1088,0.996323529,2017,149.1305463,-35.25247233
Lyneham High School,H,1119,1088,1.028492647,2018,149.1305463,-35.25247233
Lyneham High School,H,1101,1088,1.011948529,2019,149.1305463,-35.25247233
Lyneham High School,H,1076,1126,0.955595027,2020,149.1305463,-35.25247233
Lyneham Primary School,P,358,500,0.716,2011,149.1256612,-35.251471
Lyneham Primary School,P,363,500,0.726,2012,149.1256612,-35.251471
Lyneham Primary School,P,349,500,0.698,2013,149.1256612,-35.251471
Lyneham Primary School,P,359,525,0.683809524,2014,149.1256612,-35.251471
Lyneham Primary School,P,400,525,0.761904762,2015,149.1256612,-35.251471
Lyneham Primary School,P,422,625,0.6752,2016,149.1256612,-35.251471
Lyneham Primary School,P,430,625,0.688,2017,149.1256612,-35.251471
Lyneham Primary School,P,455,600,0.758333333,2018,149.1256612,-35.251471
Lyneham Primary School,P,470,600,0.783333333,2019,149.1256612,-35.251471
Lyneham Primary School,P,455,600,0.758333333,2020,149.1256612,-35.251471
Lyons Early Childhood School,P,53,126,0.420634921,2011,149.0766481,-35.34185059
Lyons Early Childhood School,E,64,126,0.507936508,2012,149.0766481,-35.34185059
Lyons Early Childhood School,E,90,126,0.714285714,2013,149.0766481,-35.34185059
Lyons Early Childhood School,E,105,126,0.833333333,2014,149.0766481,-35.34185059
Lyons Early Childhood School,P,113,126,0.896825397,2015,149.0766481,-35.34185059
Lyons Early Childhood School,E,104,126,0.825396825,2016,149.0766481,-35.34185059
Lyons Early Childhood School,E,90,126,0.714285714,2017,149.0766481,-35.34185059
Lyons Early Childhood School,E,78,126,0.619047619,2018,149.0766481,-35.34185059
Lyons Early Childhood School,E,70,126,0.555555556,2019,149.0766481,-35.34185059
Lyons Early Childhood School,E,68,126,0.53968254,2020,149.0766481,-35.34185059
Macgregor Primary School,P,336,400,0.84,2011,149.012112,-35.21264399
Macgregor Primary School,P,358,400,0.895,2012,149.012112,-35.21264399
Macgregor Primary School,P,379,400,0.9475,2013,149.012112,-35.21264399
Macgregor Primary School,P,400,650,0.615384615,2014,149.012112,-35.21264399
Macgregor Primary School,P,450,650,0.692307692,2015,149.012112,-35.21264399
Macgregor Primary School,P,494,747,0.661311914,2016,149.012112,-35.21264399
Macgregor Primary School,P,503,747,0.673360107,2017,149.012112,-35.21264399
Macgregor Primary School,P,507,747,0.678714859,2018,149.012112,-35.21264399
Macgregor Primary School,P,518,747,0.693440428,2019,149.012112,-35.21264399
Macgregor Primary School,P,524,747,0.701472557,2020,149.012112,-35.21264399
Macquarie Primary School,P,242,350,0.691428571,2011,149.059921,-35.25135731
Macquarie Primary School,P,273,350,0.78,2012,149.059921,-35.25135731
Macquarie Primary School,P,301,350,0.86,2013,149.059921,-35.25135731
Macquarie Primary School,P,341,350,0.974285714,2014,149.059921,-35.25135731
Macquarie Primary School,P,331,350,0.945714286,2015,149.059921,-35.25135731
Macquarie Primary School,P,337,433,0.778290993,2016,149.059921,-35.25135731
Macquarie Primary School,P,365,433,0.84295612,2017,149.059921,-35.25135731
Macquarie Primary School,P,353,433,0.815242494,2018,149.059921,-35.25135731
Macquarie Primary School,P,329,433,0.759815242,2019,149.059921,-35.25135731
Macquarie Primary School,P,305,433,0.704387991,2020,149.059921,-35.25135731
Majura Primary School,P,455,575,0.791304348,2011,149.1546222,-35.23839432
Majura Primary School,P,509,575,0.885217391,2012,149.1546222,-35.23839432
Majura Primary School,P,490,575,0.852173913,2013,149.1546222,-35.23839432
Majura Primary School,P,505,675,0.748148148,2014,149.1546222,-35.23839432
Majura Primary School,P,511,750,0.681333333,2015,149.1546222,-35.23839432
Majura Primary School,P,516,825,0.625454545,2016,149.1546222,-35.23839432
Majura Primary School,P,544,756,0.71957672,2017,149.1546222,-35.23839432
Majura Primary School,P,591,756,0.781746032,2018,149.1546222,-35.23839432
Majura Primary School,P,601,756,0.794973545,2019,149.1546222,-35.23839432
Majura Primary School,P,673,806,0.834987593,2020,149.1546222,-35.23839432
Margaret Hendry School,P,142,600,0.236666667,2019,149.109203,-35.1508877
Margaret Hendry School,P,357,600,0.595,2020,149.109203,-35.1508877
Maribyrnong Primary School,P,214,400,0.535,2011,149.1033346,-35.23465626
Maribyrnong Primary School,P,206,400,0.515,2012,149.1033346,-35.23465626
Maribyrnong Primary School,P,212,400,0.53,2013,149.1033346,-35.23465626
Maribyrnong Primary School,P,254,400,0.635,2014,149.1033346,-35.23465626
Maribyrnong Primary School,P,292,400,0.73,2015,149.1033346,-35.23465626
Maribyrnong Primary School,P,292,489,0.597137014,2016,149.1033346,-35.23465626
Maribyrnong Primary School,P,344,489,0.703476483,2017,149.1033346,-35.23465626
Maribyrnong Primary School,P,415,839,0.494636472,2018,149.1033346,-35.23465626
Maribyrnong Primary School,P,470,664,0.707831325,2019,149.1033346,-35.23465626
Maribyrnong Primary School,P,500,664,0.753012048,2020,149.1033346,-35.23465626
Mawson Primary School,P,158,350,0.451428571,2011,149.097765,-35.35850627
Mawson Primary School,P,150,350,0.428571429,2012,149.097765,-35.35850627
Mawson Primary School,P,174,350,0.497142857,2013,149.097765,-35.35850627
Mawson Primary School,P,238,350,0.68,2014,149.097765,-35.35850627
Mawson Primary School,P,290,425,0.682352941,2015,149.097765,-35.35850627
Mawson Primary School,P,359,483,0.743271222,2016,149.097765,-35.35850627
Mawson Primary School,P,395,458,0.862445415,2017,149.097765,-35.35850627
Mawson Primary School,P,413,458,0.901746725,2018,149.097765,-35.35850627
Mawson Primary School,P,430,508,0.846456693,2019,149.097765,-35.35850627
Mawson Primary School,P,428,508,0.842519685,2020,149.097765,-35.35850627
Melba Copland Secondary School,HC,894,1710,0.522807018,2011,149.0489415,-35.21411903
Melba Copland Secondary School,HC,757,1710,0.442690058,2012,149.0489415,-35.21411903
Melba Copland Secondary School,HC,629,1710,0.367836257,2013,149.0489415,-35.21411903
Melba Copland Secondary School,HC,534,1786,0.298992161,2014,149.0489415,-35.21411903
Melba Copland Secondary School,HC,560,1691,0.331164991,2015,149.0489415,-35.21411903
Melba Copland Secondary School,HC,564,1658,0.340168878,2016,149.0489415,-35.21411903
Melba Copland Secondary School,HC,605,1658,0.364897467,2017,149.0489415,-35.21411903
Melba Copland Secondary School,HC,651,1647,0.395264117,2018,149.0489415,-35.21411903
Melba Copland Secondary School,HC,666,1647,0.404371585,2019,149.0489415,-35.21411903
Melba Copland Secondary School,HC,763,1634,0.466952264,2020,149.0489415,-35.21411903
Melrose High School,H,783,1064,0.735902256,2011,149.0885748,-35.36273755
Melrose High School,H,754,1064,0.708646617,2012,149.0885748,-35.36273755
Melrose High School,H,723,1064,0.679511278,2013,149.0885748,-35.36273755
Melrose High School,H,685,1064,0.643796992,2014,149.0885748,-35.36273755
Melrose High School,H,701,1064,0.658834586,2015,149.0885748,-35.36273755
Melrose High School,H,741,1088,0.681066176,2016,149.0885748,-35.36273755
Melrose High School,H,712,1069,0.666043031,2017,149.0885748,-35.36273755
Melrose High School,H,810,1069,0.757717493,2018,149.0885748,-35.36273755
Melrose High School,H,801,1069,0.74929841,2019,149.0885748,-35.36273755
Melrose High School,H,814,1069,0.761459308,2020,149.0885748,-35.36273755
Miles Franklin Primary School,P,351,425,0.825882353,2011,149.0668467,-35.21301882
Miles Franklin Primary School,P,384,425,0.903529412,2012,149.0668467,-35.21301882
Miles Franklin Primary School,P,398,425,0.936470588,2013,149.0668467,-35.21301882
Miles Franklin Primary School,P,404,475,0.850526316,2014,149.0668467,-35.21301882
Miles Franklin Primary School,P,422,475,0.888421053,2015,149.0668467,-35.21301882
Miles Franklin Primary School,P,447,550,0.812727273,2016,149.0668467,-35.21301882
Miles Franklin Primary School,P,482,550,0.876363636,2017,149.0668467,-35.21301882
Miles Franklin Primary School,P,503,550,0.914545455,2018,149.0668467,-35.21301882
Miles Franklin Primary School,P,500,550,0.909090909,2019,149.0668467,-35.21301882
Miles Franklin Primary School,P,513,550,0.932727273,2020,149.0668467,-35.21301882
Monash Primary School,P,389,475,0.818947368,2011,149.0895031,-35.41461819
Monash Primary School,P,369,475,0.776842105,2012,149.0895031,-35.41461819
Monash Primary School,P,366,475,0.770526316,2013,149.0895031,-35.41461819
Monash Primary School,P,394,425,0.927058824,2014,149.0895031,-35.41461819
Monash Primary School,P,414,425,0.974117647,2015,149.0895031,-35.41461819
Monash Primary School,P,391,524,0.746183206,2016,149.0895031,-35.41461819
Monash Primary School,P,393,549,0.715846995,2017,149.0895031,-35.41461819
Monash Primary School,P,384,516,0.744186047,2018,149.0895031,-35.41461819
Monash Primary School,P,405,516,0.784883721,2019,149.0895031,-35.41461819
Monash Primary School,P,432,516,0.837209302,2020,149.0895031,-35.41461819
Mount Rogers Primary School,P,239,325,0.735384615,2011,149.0557334,-35.20834443
Mount Rogers Primary School,P,280,325,0.861538462,2012,149.0557334,-35.20834443
Mount Rogers Primary School,P,314,325,0.966153846,2013,149.0557334,-35.20834443
Mount Rogers Primary School,P,357,425,0.84,2014,149.0557334,-35.20834443
Mount Rogers Primary School,P,382,425,0.898823529,2015,149.0557334,-35.20834443
Mount Rogers Primary School,P,389,500,0.778,2016,149.0557334,-35.20834443
Mount Rogers Primary School,P,428,575,0.744347826,2017,149.0557334,-35.20834443
Mount Rogers Primary School,P,445,575,0.773913043,2018,149.0557334,-35.20834443
Mount Rogers Primary School,P,480,575,0.834782609,2019,149.0557334,-35.20834443
Mount Rogers Primary School,P,501,558,0.897849462,2020,149.0557334,-35.20834443
Mount Stromlo High School,H,590,1113,0.530098832,2016,149.054808,-35.35497671
Mount Stromlo High School,H,642,1113,0.576819407,2017,149.054808,-35.35497671
Mount Stromlo High School,H,661,1113,0.593890386,2018,149.054808,-35.35497671
Mount Stromlo High School,H,720,1113,0.64690027,2019,149.054808,-35.35497671
Mount Stromlo High School,H,766,1113,0.688230009,2020,149.054808,-35.35497671
Mount Stromlo High School,H,735,1082,0.679297597,2011,149.054808,-35.35497671
Mount Stromlo High School,H,697,1082,0.644177449,2012,149.054808,-35.35497671
Mount Stromlo High School,H,678,1082,0.626617375,2013,149.054808,-35.35497671
Mount Stromlo High School,H,600,1102,0.54446461,2014,149.054808,-35.35497671
Mount Stromlo High School,H,569,1026,0.554580897,2015,149.054808,-35.35497671
Namadgi School,PH,375,1166,0.32161235,2011,149.0674472,-35.39235869
Namadgi School,PH,498,1166,0.427101201,2012,149.0674472,-35.39235869
Namadgi School,PH,559,1166,0.47941681,2013,149.0674472,-35.39235869
Namadgi School,PH,525,1183,0.443786982,2014,149.0674472,-35.39235869
Namadgi School,PH,608,1183,0.513947591,2015,149.0674472,-35.39235869
Namadgi School,PH,606,1305,0.464367816,2016,149.0674472,-35.39235869
Namadgi School,PH,602,1305,0.461302682,2017,149.0674472,-35.39235869
Namadgi School,PH,629,1240,0.507258065,2018,149.0674472,-35.39235869
Namadgi School,PH,633,1240,0.510483871,2019,149.0674472,-35.39235869
Namadgi School,PH,630,1240,0.508064516,2020,149.0674472,-35.39235869
Narrabundah College,C,950,1102,0.862068966,2011,149.1472013,-35.33620942
Narrabundah College,C,946,1102,0.858439201,2012,149.1472013,-35.33620942
Narrabundah College,C,945,1102,0.85753176,2013,149.1472013,-35.33620942
Narrabundah College,C,935,1102,0.84845735,2014,149.1472013,-35.33620942
Narrabundah College,C,944,1102,0.856624319,2015,149.1472013,-35.33620942
Narrabundah College,C,982,1102,0.891107078,2016,149.1472013,-35.33620942
Narrabundah College,C,982,1102,0.891107078,2017,149.1472013,-35.33620942
Narrabundah College,C,939,1102,0.852087114,2018,149.1472013,-35.33620942
Narrabundah College,C,931,1102,0.844827586,2019,149.1472013,-35.33620942
Narrabundah College,C,956,1102,0.867513612,2020,149.1472013,-35.33620942
Narrabundah Early Childhood School,P,56,84,0.666666667,2011,149.1508102,-35.32897671
Narrabundah Early Childhood School,E,61,84,0.726190476,2012,149.1508102,-35.32897671
Narrabundah Early Childhood School,E,65,84,0.773809524,2013,149.1508102,-35.32897671
Narrabundah Early Childhood School,E,54,84,0.642857143,2014,149.1508102,-35.32897671
Narrabundah Early Childhood School,P,58,84,0.69047619,2015,149.1508102,-35.32897671
Narrabundah Early Childhood School,E,59,105,0.561904762,2016,149.1508102,-35.32897671
Narrabundah Early Childhood School,E,68,105,0.647619048,2017,149.1508102,-35.32897671
Narrabundah Early Childhood School,E,68,105,0.647619048,2018,149.1508102,-35.32897671
Narrabundah Early Childhood School,E,77,105,0.733333333,2019,149.1508102,-35.32897671
Narrabundah Early Childhood School,E,57,105,0.542857143,2020,149.1508102,-35.32897671
Neville Bonner Primary School,P,127,550,0.230909091,2013,149.1400661,-35.16241102
Neville Bonner Primary School,P,248,575,0.431304348,2014,149.1400661,-35.16241102
Neville Bonner Primary School,P,352,550,0.64,2015,149.1400661,-35.16241102
Neville Bonner Primary School,P,444,633,0.701421801,2016,149.1400661,-35.16241102
Neville Bonner Primary School,P,553,683,0.80966325,2017,149.1400661,-35.16241102
Neville Bonner Primary School,P,651,866,0.751732102,2018,149.1400661,-35.16241102
Neville Bonner Primary School,P,719,1041,0.690682037,2019,149.1400661,-35.16241102
Neville Bonner Primary School,P,740,1216,0.608552632,2020,149.1400661,-35.16241102
Ngunnawal Primary School,P,453,525,0.862857143,2011,149.1115324,-35.16895221
Ngunnawal Primary School,P,475,525,0.904761905,2012,149.1115324,-35.16895221
Ngunnawal Primary School,P,479,525,0.912380952,2013,149.1115324,-35.16895221
Ngunnawal Primary School,P,545,525,1.038095238,2014,149.1115324,-35.16895221
Ngunnawal Primary School,P,551,600,0.918333333,2015,149.1115324,-35.16895221
Ngunnawal Primary School,P,600,700,0.857142857,2016,149.1115324,-35.16895221
Ngunnawal Primary School,P,593,714,0.830532213,2017,149.1115324,-35.16895221
Ngunnawal Primary School,P,562,714,0.787114846,2018,149.1115324,-35.16895221
Ngunnawal Primary School,P,588,708,0.830508475,2019,149.1115324,-35.16895221
Ngunnawal Primary School,P,600,716,0.837988827,2020,149.1115324,-35.16895221
North Ainslie Primary School,P,345,400,0.8625,2011,149.1470213,-35.25444347
North Ainslie Primary School,P,361,400,0.9025,2012,149.1470213,-35.25444347
North Ainslie Primary School,P,400,400,1,2013,149.1470213,-35.25444347
North Ainslie Primary School,P,481,400,1.2025,2014,149.1470213,-35.25444347
North Ainslie Primary School,P,468,500,0.936,2015,149.1470213,-35.25444347
North Ainslie Primary School,P,530,660,0.803030303,2016,149.1470213,-35.25444347
North Ainslie Primary School,P,557,660,0.843939394,2017,149.1470213,-35.25444347
North Ainslie Primary School,P,589,635,0.927559055,2018,149.1470213,-35.25444347
North Ainslie Primary School,P,609,685,0.889051095,2019,149.1470213,-35.25444347
North Ainslie Primary School,P,637,676,0.942307692,2020,149.1470213,-35.25444347
O'Connor Cooperative School,P,59,63,0.936507937,2011,149.1201323,-35.2611304
O'Connor Cooperative School,E,56,63,0.888888889,2012,149.1201323,-35.2611304
O'Connor Cooperative School,E,56,63,0.888888889,2013,149.1201323,-35.2611304
O'Connor Cooperative School,E,55,63,0.873015873,2014,149.1201323,-35.2611304
O'Connor Cooperative School,P,52,63,0.825396825,2015,149.1201323,-35.2611304
O'Connor Cooperative School,E,56,84,0.666666667,2016,149.1201323,-35.2611304
O'Connor Cooperative School,E,51,84,0.607142857,2017,149.1201323,-35.2611304
O'Connor Cooperative School,E,60,84,0.714285714,2018,149.1201323,-35.2611304
O'Connor Cooperative School,E,55,84,0.654761905,2019,149.1201323,-35.2611304
O'Connor Cooperative School,E,45,84,0.535714286,2020,149.1201323,-35.2611304
Palmerston District Primary School,P,343,575,0.596521739,2011,149.1208279,-35.1974703
Palmerston District Primary School,P,372,575,0.646956522,2012,149.1208279,-35.1974703
Palmerston District Primary School,P,370,575,0.643478261,2013,149.1208279,-35.1974703
Palmerston District Primary School,P,375,575,0.652173913,2014,149.1208279,-35.1974703
Palmerston District Primary School,P,417,525,0.794285714,2015,149.1208279,-35.1974703
Palmerston District Primary School,P,456,644,0.708074534,2016,149.1208279,-35.1974703
Palmerston District Primary School,P,507,669,0.757847534,2017,149.1208279,-35.1974703
Palmerston District Primary School,P,567,762,0.744094488,2018,149.1208279,-35.1974703
Palmerston District Primary School,P,600,751,0.798934754,2019,149.1208279,-35.1974703
Palmerston District Primary School,P,681,795,0.856603774,2020,149.1208279,-35.1974703
Red Hill Primary School,P,606,625,0.9696,2011,149.1332226,-35.33947328
Red Hill Primary School,P,572,625,0.9152,2012,149.1332226,-35.33947328
Red Hill Primary School,P,550,625,0.88,2013,149.1332226,-35.33947328
Red Hill Primary School,P,577,650,0.887692308,2014,149.1332226,-35.33947328
Red Hill Primary School,P,576,650,0.886153846,2015,149.1332226,-35.33947328
Red Hill Primary School,P,623,750,0.830666667,2016,149.1332226,-35.33947328
Red Hill Primary School,P,614,750,0.818666667,2017,149.1332226,-35.33947328
Red Hill Primary School,P,641,700,0.915714286,2018,149.1332226,-35.33947328
Red Hill Primary School,P,702,750,0.936,2019,149.1332226,-35.33947328
Red Hill Primary School,P,717,800,0.89625,2020,149.1332226,-35.33947328
Richardson Primary School,P,184,275,0.669090909,2011,149.1142841,-35.42883747
Richardson Primary School,P,168,275,0.610909091,2012,149.1142841,-35.42883747
Richardson Primary School,P,174,275,0.632727273,2013,149.1142841,-35.42883747
Richardson Primary School,P,158,275,0.574545455,2014,149.1142841,-35.42883747
Richardson Primary School,P,146,300,0.486666667,2015,149.1142841,-35.42883747
Richardson Primary School,P,151,364,0.414835165,2016,149.1142841,-35.42883747
Richardson Primary School,P,136,364,0.373626374,2017,149.1142841,-35.42883747
Richardson Primary School,P,132,358,0.368715084,2018,149.1142841,-35.42883747
Richardson Primary School,P,132,358,0.368715084,2019,149.1142841,-35.42883747
Richardson Primary School,P,126,358,0.351955307,2020,149.1142841,-35.42883747
Southern Cross Early Childhood School,P,70,126,0.555555556,2011,149.0386011,-35.23283151
Southern Cross Early Childhood School,E,103,126,0.817460317,2012,149.0386011,-35.23283151
Southern Cross Early Childhood School,E,113,126,0.896825397,2013,149.0386011,-35.23283151
Southern Cross Early Childhood School,E,125,126,0.992063492,2014,149.0386011,-35.23283151
Southern Cross Early Childhood School,P,123,126,0.976190476,2015,149.0386011,-35.23283151
Southern Cross Early Childhood School,E,123,147,0.836734694,2016,149.0386011,-35.23283151
Southern Cross Early Childhood School,E,116,147,0.789115646,2017,149.0386011,-35.23283151
Southern Cross Early Childhood School,E,134,147,0.911564626,2018,149.0386011,-35.23283151
Southern Cross Early Childhood School,E,133,147,0.904761905,2019,149.0386011,-35.23283151
Southern Cross Early Childhood School,E,125,147,0.850340136,2020,149.0386011,-35.23283151
Taylor Primary School,P,179,350,0.511428571,2011,149.0638461,-35.37802065
Taylor Primary School,P,171,350,0.488571429,2012,149.0638461,-35.37802065
Taylor Primary School,P,160,350,0.457142857,2013,149.0638461,-35.37802065
Taylor Primary School,P,189,325,0.581538462,2014,149.0638461,-35.37802065
Taylor Primary School,P,191,325,0.587692308,2015,149.0638461,-35.37802065
Taylor Primary School,P,219,339,0.646017699,2016,149.0638461,-35.37802065
Taylor Primary School,P,261,339,0.769911504,2017,149.0638461,-35.37802065
Taylor Primary School,P,292,320,0.9125,2018,149.0638461,-35.37802065
Taylor Primary School,P,303,320,0.946875,2019,149.0638461,-35.37802065
Taylor Primary School,P,312,320,0.975,2020,149.0638461,-35.37802065
Telopea Park School,PH,1122,1210,0.927272727,2011,149.1336763,-35.31371039
Telopea Park School,PH,1163,1210,0.961157025,2012,149.1336763,-35.31371039
Telopea Park School,PH,1168,1210,0.965289256,2013,149.1336763,-35.31371039
Telopea Park School,PH,1214,1235,0.982995951,2014,149.1336763,-35.31371039
Telopea Park School,PH,1266,1317,0.961275626,2015,149.1336763,-35.31371039
Telopea Park School,PH,1361,1416,0.961158192,2016,149.1336763,-35.31371039
Telopea Park School,PH,1416,1492,0.949061662,2017,149.1336763,-35.31371039
Telopea Park School,PH,1410,1505,0.936877076,2018,149.1336763,-35.31371039
Telopea Park School,PH,1432,1505,0.951495017,2019,149.1336763,-35.31371039
Telopea Park School,PH,1511,1543,0.97926118,2020,149.1336763,-35.31371039
Theodore Primary School,P,262,400,0.655,2011,149.1233415,-35.44766448
Theodore Primary School,P,263,400,0.6575,2012,149.1233415,-35.44766448
Theodore Primary School,P,257,400,0.6425,2013,149.1233415,-35.44766448
Theodore Primary School,P,251,400,0.6275,2014,149.1233415,-35.44766448
Theodore Primary School,P,247,425,0.581176471,2015,149.1233415,-35.44766448
Theodore Primary School,P,280,464,0.603448276,2016,149.1233415,-35.44766448
Theodore Primary School,P,319,447,0.713646532,2017,149.1233415,-35.44766448
Theodore Primary School,P,346,433,0.799076212,2018,149.1233415,-35.44766448
Theodore Primary School,P,338,433,0.780600462,2019,149.1233415,-35.44766448
Theodore Primary School,P,281,433,0.648960739,2020,149.1233415,-35.44766448
Torrens Primary School,P,388,525,0.739047619,2011,149.0913913,-35.37133178
Torrens Primary School,P,401,525,0.763809524,2012,149.0913913,-35.37133178
Torrens Primary School,P,400,525,0.761904762,2013,149.0913913,-35.37133178
Torrens Primary School,P,402,525,0.765714286,2014,149.0913913,-35.37133178
Torrens Primary School,P,410,525,0.780952381,2015,149.0913913,-35.37133178
Torrens Primary School,P,434,600,0.723333333,2016,149.0913913,-35.37133178
Torrens Primary School,P,437,600,0.728333333,2017,149.0913913,-35.37133178
Torrens Primary School,P,445,600,0.741666667,2018,149.0913913,-35.37133178
Torrens Primary School,P,463,600,0.771666667,2019,149.0913913,-35.37133178
Torrens Primary School,P,452,600,0.753333333,2020,149.0913913,-35.37133178
Turner School,P,458,525,0.872380952,2011,149.1261108,-35.26519937
Turner School,P,467,525,0.88952381,2012,149.1261108,-35.26519937
Turner School,P,486,525,0.925714286,2013,149.1261108,-35.26519937
Turner School,P,478,550,0.869090909,2014,149.1261108,-35.26519937
Turner School,P,504,550,0.916363636,2015,149.1261108,-35.26519937
Turner School,P,521,656,0.794207317,2016,149.1261108,-35.26519937
Turner School,P,503,656,0.766768293,2017,149.1261108,-35.26519937
Turner School,P,485,623,0.778491172,2018,149.1261108,-35.26519937
Turner School,P,492,623,0.789727127,2019,149.1261108,-35.26519937
Turner School,P,495,581,0.851979346,2020,149.1261108,-35.26519937
University of Canberra High School Kaleen,H,267,736,0.362771739,2016,149.1011434,-35.22533827
University of Canberra High School Kaleen,H,272,736,0.369565217,2017,149.1011434,-35.22533827
University of Canberra High School Kaleen,H,340,698,0.487106017,2018,149.1011434,-35.22533827
University of Canberra High School Kaleen,H,376,698,0.538681948,2019,149.1011434,-35.22533827
University of Canberra High School Kaleen,H,431,679,0.634756996,2020,149.1011434,-35.22533827
University of Canberra High School Kaleen,H,208,760,0.273684211,2011,149.1011434,-35.22533827
University of Canberra High School Kaleen,H,196,760,0.257894737,2012,149.1011434,-35.22533827
University of Canberra High School Kaleen,H,199,760,0.261842105,2013,149.1011434,-35.22533827
University of Canberra High School Kaleen,H,216,760,0.284210526,2014,149.1011434,-35.22533827
University of Canberra High School Kaleen,H,230,750,0.306666667,2015,149.1011434,-35.22533827
University of Canberra Senior Secondary College Lake Ginninderra,C,676,861,0.785133566,2016,149.0737494,-35.23911266
University of Canberra Senior Secondary College Lake Ginninderra,C,680,817,0.832313341,2017,149.0737494,-35.23911266
University of Canberra Senior Secondary College Lake Ginninderra,C,565,806,0.700992556,2018,149.0737494,-35.23911266
University of Canberra Senior Secondary College Lake Ginninderra,C,629,806,0.780397022,2019,149.0737494,-35.23911266
University of Canberra Senior Secondary College Lake Ginninderra,C,701,806,0.869727047,2020,149.0737494,-35.23911266
University of Canberra Senior Secondary College Lake Ginninderra,C,585,836,0.699760766,2011,149.0737494,-35.23911266
University of Canberra Senior Secondary College Lake Ginninderra,C,437,836,0.522727273,2012,149.0737494,-35.23911266
University of Canberra Senior Secondary College Lake Ginninderra,C,489,836,0.58492823,2013,149.0737494,-35.23911266
University of Canberra Senior Secondary College Lake Ginninderra,C,609,836,0.7284689,2014,149.0737494,-35.23911266
University of Canberra Senior Secondary College Lake Ginninderra,C,622,836,0.744019139,2015,149.0737494,-35.23911266
Wanniassa Hills Primary School,P,358,500,0.716,2011,149.096054,-35.39288762
Wanniassa Hills Primary School,P,333,500,0.666,2012,149.096054,-35.39288762
Wanniassa Hills Primary School,P,357,500,0.714,2013,149.096054,-35.39288762
Wanniassa Hills Primary School,P,364,500,0.728,2014,149.096054,-35.39288762
Wanniassa Hills Primary School,P,352,450,0.782222222,2015,149.096054,-35.39288762
Wanniassa Hills Primary School,P,342,593,0.576728499,2016,149.096054,-35.39288762
Wanniassa Hills Primary School,P,372,593,0.627318718,2017,149.096054,-35.39288762
Wanniassa Hills Primary School,P,378,579,0.652849741,2018,149.096054,-35.39288762
Wanniassa Hills Primary School,P,370,579,0.639032815,2019,149.096054,-35.39288762
Wanniassa Hills Primary School,P,397,575,0.690434783,2020,149.096054,-35.39288762
Wanniassa School,PH,484,1098,0.440801457,2011,149.085684,-35.39844357
Wanniassa School,PH,439,1098,0.399817851,2012,149.085684,-35.39844357
Wanniassa School,PH,418,1098,0.380692168,2013,149.085684,-35.39844357
Wanniassa School,PH,415,1117,0.371530886,2014,149.085684,-35.39844357
Wanniassa School,PH,421,1079,0.390176089,2015,149.085684,-35.39844357
Wanniassa School,PH,398,1172,0.339590444,2016,149.085684,-35.39844357
Wanniassa School,PH,408,1153,0.353859497,2017,149.085684,-35.39844357
Wanniassa School,PH,418,1161,0.360034453,2018,149.085684,-35.39844357
Wanniassa School,PH,444,1163,0.381771281,2019,149.085684,-35.39844357
Wanniassa School,PH,443,1163,0.380911436,2020,149.085684,-35.39844357
Weetangera Primary School,P,347,500,0.694,2011,149.0476193,-35.25197134
Weetangera Primary School,P,357,500,0.714,2012,149.0476193,-35.25197134
Weetangera Primary School,P,398,500,0.796,2013,149.0476193,-35.25197134
Weetangera Primary School,P,377,500,0.754,2014,149.0476193,-35.25197134
Weetangera Primary School,P,392,475,0.825263158,2015,149.0476193,-35.25197134
Weetangera Primary School,P,388,581,0.667814114,2016,149.0476193,-35.25197134
Weetangera Primary School,P,401,581,0.690189329,2017,149.0476193,-35.25197134
Weetangera Primary School,P,427,556,0.767985612,2018,149.0476193,-35.25197134
Weetangera Primary School,P,426,556,0.76618705,2019,149.0476193,-35.25197134
Weetangera Primary School,P,465,581,0.800344234,2020,149.0476193,-35.25197134
Yarralumla Primary School,P,186,325,0.572307692,2011,149.1027139,-35.30678844
Yarralumla Primary School,P,198,325,0.609230769,2012,149.1027139,-35.30678844
Yarralumla Primary School,P,245,325,0.753846154,2013,149.1027139,-35.30678844
Yarralumla Primary School,P,276,375,0.736,2014,149.1027139,-35.30678844
Yarralumla Primary School,P,300,350,0.857142857,2015,149.1027139,-35.30678844
Yarralumla Primary School,P,304,412,0.737864078,2016,149.1027139,-35.30678844
Yarralumla Primary School,P,336,412,0.815533981,2017,149.1027139,-35.30678844
Yarralumla Primary School,P,382,412,0.927184466,2018,149.1027139,-35.30678844
Yarralumla Primary School,P,382,431,0.886310905,2019,149.1027139,-35.30678844
Yarralumla Primary School,P,391,431,0.907192575,2020,149.1027139,-35.30678844
